{
    "Chandler": {
        "cAGR": 0.595238,
        "cCON": 0.309524,
        "cEXT": 0.380952,
        "cOPN": 0.619048,
        "cNEU": 0.523810
    },
    "Joey": {
        "cAGR": 0.512195,
        "cCON": 0.682927,
        "cEXT": 0.219512,
        "cOPN": 0.487805,
        "cNEU": 0.512195
    },
    "Monica": {
        "cAGR": 0.755102,
        "cCON": 0.428571,
        "cEXT": 0.408163,
        "cOPN": 0.673469,
        "cNEU": 0.551020
    },
    "Phoebe": {
        "cAGR": 0.510204,
        "cCON": 0.469388,
        "cEXT": 0.387755,
        "cOPN": 0.612245,
        "cNEU": 0.632653
    },
    "Rachel": {
        "cAGR": 0.511111,
        "cCON": 0.355556,
        "cEXT": 0.422222,
        "cOPN": 0.555556,
        "cNEU": 0.488889
    },
    "Ross": {
        "cAGR": 0.553191,
        "cCON": 0.382979,
        "cEXT": 0.702128,
        "cOPN": 0.765957,
        "cNEU": 0.446809
    }
}